CREATE TABLE `attrs_types` (
  `id` smallint(6) unsigned zerofill NOT NULL AUTO_INCREMENT,
  `name` varchar(50) NOT NULL,
  `element` varchar(30) NOT NULL,
  `maxlength` int(10) unsigned DEFAULT NULL,
  `size` int(10) unsigned DEFAULT NULL,
  PRIMARY KEY (`id`),
  UNIQUE KEY `name` (`name`)
) ENGINE=InnoDB DEFAULT CHARSET=utf8;

INSERT INTO `attrs_types` VALUES 
(000001,'Строка','text',255,60),
(000002,'Целое число','text',15,5),
(000003,'Число с плавающей точкой','text',20,5),
(000004,'Текст','textarea',0,NULL),
(000005,'Флаг','select',0,NULL),
(000006,'Список значений','select',0,NULL),
(000007,'Дерево значений','select',NULL,NULL);

CREATE TABLE `attrs_units` (
  `id` int(10) unsigned NOT NULL AUTO_INCREMENT,
  `name` varchar(50) NOT NULL,
  `abbr` varchar(30) NOT NULL,
  PRIMARY KEY (`id`),
  UNIQUE KEY `name` (`name`),
  UNIQUE KEY `abbr` (`abbr`)
) ENGINE=InnoDB DEFAULT CHARSET=utf8;

INSERT INTO `attrs_units` VALUES 
(1,'specs/unit/1/name','specs/unit/1/abbr'),
(2,'specs/unit/2/name','specs/unit/2/abbr'),
(3,'specs/unit/3/name','specs/unit/3/abbr'),
(4,'specs/unit/4/name','specs/unit/4/abbr'),
(5,'specs/unit/5/name','specs/unit/5/abbr'),
(6,'specs/unit/6/name','specs/unit/6/abbr'),
(7,'specs/unit/7/name','specs/unit/7/abbr'),
(8,'specs/unit/8/name','specs/unit/8/abbr'),
(9,'specs/unit/9/name','specs/unit/9/abbr'),
(10,'specs/unit/10/name','specs/unit/10/abbr'),
(11,'specs/unit/11/name','specs/unit/11/abbr'),
(12,'specs/unit/12/name','specs/unit/12/abbr'),
(13,'specs/unit/13/name','specs/unit/13/abbr'),
(14,'specs/unit/14/name','specs/unit/14/abbr'),
(15,'specs/unit/15/name','specs/unit/15/abbr'),
(16,'specs/unit/16/name','specs/unit/16/abbr'),
(17,'specs/unit/17/name','specs/unit/17/abbr'),
(18,'specs/unit/18/name','specs/unit/18/abbr'),
(19,'specs/unit/19/name','specs/unit/19/abbr'),
(20,'specs/unit/20/name','specs/unit/20/abbr');


CREATE TABLE `attrs_attributes` (
  `id` int(10) unsigned NOT NULL AUTO_INCREMENT,
  `name` varchar(50) NOT NULL,
  `type_id` smallint(5) unsigned DEFAULT NULL,
  `parent_id` int(10) unsigned DEFAULT NULL,
  `unit_id` int(10) unsigned zerofill DEFAULT NULL,
  `description` text,
  `precision` smallint(5) unsigned DEFAULT NULL,
  `position` int(10) unsigned NOT NULL,
  `multiple` tinyint(4) unsigned NOT NULL DEFAULT '0',
  PRIMARY KEY (`id`),
  UNIQUE KEY `name` (`name`,`parent_id`),
  UNIQUE KEY `position` (`position`,`parent_id`),
  KEY `type` (`type_id`),
  KEY `unit_id` (`unit_id`),
  KEY `parent_id` (`parent_id`),
  CONSTRAINT `attrs_attributes_fk` FOREIGN KEY (`type_id`) REFERENCES `attrs_types` (`id`),
  CONSTRAINT `attrs_attributes_fk1` FOREIGN KEY (`parent_id`) REFERENCES `attrs_attributes` (`id`),
  CONSTRAINT `attrs_attributes_fk2` FOREIGN KEY (`unit_id`) REFERENCES `attrs_units` (`id`)
) ENGINE=InnoDB DEFAULT CHARSET=utf8;

INSERT INTO `attrs_attributes` VALUES 
(14,'specs/attrs/14',NULL,NULL,NULL,NULL,NULL,16,0),
  (4,'specs/attrs/14/4',2,14,0000000001,NULL,NULL,4,0),
  (17,'specs/attrs/14/17',NULL,14,NULL,'specs/attrs/14/17/description',NULL,17,0),
    (1,'specs/attrs/14/17/1',2,17,0000000001,NULL,NULL,1,0),
    (2,'specs/attrs/14/17/2',2,17,0000000001,NULL,NULL,2,0),
    (3,'specs/attrs/14/17/3',2,17,0000000001,NULL,NULL,3,0),
    (140,'specs/attrs/14/17/140',2,17,0000000001,'',NULL,4,0),
    (141,'specs/attrs/14/17/141',2,17,0000000001,'',NULL,5,0),
    (203,'specs/attrs/14/17/203',2,17,0000000001,'',NULL,6,0),
  (18,'specs/attrs/14/18',NULL,14,NULL,NULL,NULL,18,0),
    (5,'specs/attrs/14/18/5',2,18,0000000001,NULL,NULL,5,0),
    (6,'specs/attrs/14/18/6',2,18,0000000001,NULL,NULL,6,0),
  (63,'specs/attrs/14/63',NULL,14,NULL,NULL,NULL,63,0),
    (64,'specs/attrs/14/63/64',3,63,NULL,NULL,3,64,0),
    (65,'specs/attrs/14/63/65',3,63,NULL,NULL,3,65,0),
  (167,'specs/attrs/14/167',NULL,14,NULL,'specs/attrs/14/167/description',NULL,64,0),
    (7,'specs/attrs/14/167/7',2,167,0000000001,'',NULL,8,0),
    (176,'specs/attrs/14/167/176',2,167,0000000001,'',NULL,7,0),
    (168,'specs/attrs/14/167/168',2,167,0000000001,'',NULL,9,0),
(15,'specs/attrs/15',NULL,NULL,NULL,NULL,NULL,46,0),
  (8,'specs/attrs/15/8',1,15,NULL,'',NULL,9,0),
  (9,'specs/attrs/15/9',1,15,NULL,'',NULL,10,0),
  (10,'specs/attrs/15/10',1,15,NULL,NULL,NULL,11,0),
  (208,'specs/attrs/15/208',NULL,15,NULL,'',NULL,8,0),
    (209,'specs/attrs/15/208/209',7,208,NULL,'',NULL,1,0),
    (210,'specs/attrs/15/208/210',7,208,NULL,'',NULL,2,0),
    (211,'specs/attrs/15/208/211',NULL,208,NULL,'',NULL,3,0),
      (213,'specs/attrs/15/208/211/213',5,211,NULL,'',NULL,1,0),
      (214,'specs/attrs/15/208/211/214',6,211,NULL,'',NULL,2,0),
      (215,'specs/attrs/15/208/211/215',7,211,NULL,'',NULL,3,0),
      (216,'specs/attrs/15/208/211/216',5,211,NULL,'',NULL,4,0),
    (212,'specs/attrs/15/208/212',5,208,NULL,'',NULL,4,0),
  (217,'specs/attrs/15/217',NULL,15,NULL,'',NULL,12,0),
    (218,'specs/attrs/15/217/218',7,217,NULL,'',NULL,1,0),
    (219,'specs/attrs/15/217/219',7,217,NULL,'',NULL,2,0),
    (220,'specs/attrs/15/217/220',NULL,217,NULL,'',NULL,3,0),
      (222,'specs/attrs/15/217/220/222',5,220,NULL,'',NULL,1,0),
      (223,'specs/attrs/15/217/220/223',6,220,NULL,'',NULL,2,0),
      (224,'specs/attrs/15/217/220/224',7,220,NULL,'',NULL,3,0),
      (225,'specs/attrs/15/217/220/225',5,220,NULL,'',NULL,4,0),
    (221,'specs/attrs/15/217/221',5,217,NULL,'',NULL,4,0),
(16,'specs/attrs/16',NULL,NULL,NULL,NULL,NULL,15,0),
  (12,'specs/attrs/16/12',NULL,16,NULL,NULL,NULL,12,0),
    (67,'specs/attrs/16/12/67',2,12,NULL,'specs/attrs/16/12/67/description',NULL,67,0),
    (68,'specs/attrs/16/12/68',2,12,NULL,NULL,NULL,68,0),
    (69,'specs/attrs/16/12/69',2,12,NULL,NULL,NULL,69,0),
    (103,'specs/attrs/16/12/103',2,12,NULL,'specs/attrs/16/12/103/description',NULL,70,0),
  (13,'specs/attrs/16/13',2,16,NULL,NULL,NULL,13,0),
  (66,'specs/attrs/16/66',6,16,NULL,'',NULL,66,0),
  (204,'specs/attrs/16/204',6,16,NULL,'',NULL,67,0),
(22,'specs/attrs/22',NULL,NULL,NULL,NULL,NULL,40,0),
  (19,'specs/attrs/22/19',NULL,22,NULL,NULL,NULL,19,0),
    (20,'specs/attrs/22/19/20',6,19,NULL,NULL,NULL,20,0),
    (21,'specs/attrs/22/19/21',6,19,NULL,NULL,NULL,21,0),
  (23,'specs/attrs/22/23',7,22,NULL,NULL,NULL,23,0),
  (24,'specs/attrs/22/24',NULL,22,NULL,NULL,NULL,24,0),
    (25,'specs/attrs/22/24/25',2,24,NULL,NULL,NULL,25,0),
    (26,'specs/attrs/22/24/26',6,24,NULL,NULL,NULL,26,0),
    (27,'specs/attrs/22/24/27',2,24,NULL,NULL,NULL,27,0),
    (28,'specs/attrs/22/24/28',3,24,0000000001,'',1,28,0),
    (29,'specs/attrs/22/24/29',3,24,0000000001,'',2,29,0),
    (159,'specs/attrs/22/24/159',2,24,0000000011,'',NULL,30,0),
  (30,'specs/attrs/22/30',3,22,NULL,'',2,30,0),
  (31,'specs/attrs/22/31',2,22,0000000004,NULL,NULL,31,0),
  (32,'specs/attrs/22/32',NULL,22,NULL,NULL,NULL,32,0),
    (33,'specs/attrs/22/32/33',2,32,0000000005,'specs/attrs/22/32/33/description',NULL,33,0),
    (34,'specs/attrs/22/32/34',2,32,0000000006,NULL,NULL,34,0),
    (35,'specs/attrs/22/32/35',2,32,0000000006,NULL,NULL,35,0),
    (171,'specs/attrs/22/32/171',3,32,0000000017,'specs/attrs/22/32/171/description',NULL,36,0),
    (172,'specs/attrs/22/32/172',3,32,0000000005,'specs/attrs/22/32/172/description',NULL,37,0),
    (173,'specs/attrs/22/32/173',3,32,0000000005,'specs/attrs/22/32/173/description',NULL,38,0),
    (174,'specs/attrs/22/32/174',3,32,0000000005,'specs/attrs/22/32/174/description',NULL,39,0),
    (177,'specs/attrs/22/32/177',3,32,0000000005,'',1,40,0),
    (178,'specs/attrs/22/32/178',3,32,0000000005,'specs/attrs/22/32/178/description',1,41,0),
  (36,'specs/attrs/22/36',NULL,22,NULL,NULL,NULL,36,0),
    (37,'specs/attrs/22/36/37',2,36,0000000007,NULL,NULL,37,0),
    (38,'specs/attrs/22/36/38',2,36,0000000006,NULL,NULL,38,0),
    (39,'specs/attrs/22/36/39',2,36,0000000006,NULL,NULL,39,0),
  (98,'specs/attrs/22/98',7,22,NULL,NULL,NULL,18,1),
  (99,'specs/attrs/22/99',7,22,NULL,NULL,NULL,558,0),
  (100,'specs/attrs/22/100',1,22,NULL,NULL,NULL,17,0),
  (156,'specs/attrs/22/156',6,22,NULL,'',NULL,559,0),
  (179,'specs/attrs/22/179',6,22,NULL,'',NULL,560,0),
  (206,'specs/attrs/22/206',7,22,NULL,'',NULL,561,0),
  (207,'specs/attrs/22/207',7,22,NULL,'',NULL,562,0),
(40,'specs/attrs/40',NULL,NULL,NULL,NULL,NULL,45,0),
  (41,'specs/attrs/40/41',7,40,NULL,'',NULL,41,0),
  (42,'specs/attrs/40/42',NULL,40,NULL,NULL,NULL,42,0),
    (43,'specs/attrs/40/42/43',7,42,NULL,'',NULL,43,0),
    (44,'specs/attrs/40/42/44',2,42,NULL,NULL,NULL,45,0),
    (139,'specs/attrs/40/42/139',1,42,NULL,'',NULL,44,0),
    (227,'specs/attrs/transmission/gearbox/reverse-gears',2,42,NULL,'',NULL,46,0),
  (83,'specs/attrs/40/83',1,40,NULL,'',NULL,83,0),
(45,'specs/attrs/45',1,NULL,NULL,NULL,NULL,0,0),
(46,'specs/attrs/46',NULL,NULL,NULL,NULL,NULL,74,0),
  (47,'specs/attrs/46/47',3,46,0000000008,NULL,1,47,0),
  (48,'specs/attrs/46/48',3,46,0000000009,'',1,50,0),
  (49,'specs/attrs/46/49',3,46,0000000009,'',1,52,0),
  (50,'specs/attrs/46/50',3,46,0000000009,'',1,53,0),
  (51,'specs/attrs/46/51',3,46,0000000009,NULL,1,54,0),
  (52,'specs/attrs/46/52',3,46,0000000009,NULL,1,55,0),
  (53,'specs/attrs/46/53',5,46,NULL,NULL,NULL,56,0),
  (160,'specs/attrs/46/160',3,46,0000000009,'',NULL,57,0),
  (161,'specs/attrs/46/161',3,46,0000000003,'',NULL,58,0),
  (175,'specs/attrs/46/175',3,46,0000000009,'',1,51,0),
  (180,'specs/attrs/46/180',3,46,0000000009,'',NULL,49,0),
  (228,'specs/attrs/dynamic/max-reverse-speed',3,46,0000000008,'',1,48,0),
(54,'specs/attrs/54',NULL,NULL,NULL,NULL,NULL,82,0),
  (55,'specs/attrs/54/55',2,54,0000000011,NULL,NULL,55,0),
  (56,'specs/attrs/54/56',2,54,0000000011,NULL,NULL,56,0),
  (57,'specs/attrs/54/57',NULL,54,NULL,NULL,NULL,57,0),
    (58,'specs/attrs/54/57/58',2,57,0000000012,NULL,NULL,58,0),
    (59,'specs/attrs/54/57/59',2,57,0000000012,NULL,NULL,59,0),
  (60,'specs/attrs/54/60',NULL,54,0000000012,'',NULL,60,0),
    (61,'specs/attrs/54/60/61',2,60,0000000012,NULL,NULL,61,0),
    (62,'specs/attrs/54/60/62',2,60,0000000012,NULL,NULL,62,0),
  (78,'specs/attrs/54/78',NULL,54,NULL,'',NULL,78,0),
    (183,'specs/attrs/54/78/183',NULL,78,NULL,'',NULL,82,0),
      (79,'specs/attrs/54/78/183/79',3,183,0000000013,'',1,79,0),
      (80,'specs/attrs/54/78/183/80',3,183,0000000013,'',1,80,0),
      (81,'specs/attrs/54/78/183/81',3,183,0000000013,'',1,81,0),
    (184,'specs/attrs/54/78/184',NULL,78,NULL,'',NULL,83,0),
      (185,'specs/attrs/54/78/184/185',3,184,0000000013,'',1,1,0),
      (186,'specs/attrs/54/78/184/186',3,184,0000000013,'',1,2,0),
      (187,'specs/attrs/54/78/184/187',3,184,0000000013,'',1,3,0),
      (188,'specs/attrs/54/78/184/188',3,184,0000000013,'',1,4,0),
    (189,'specs/attrs/54/78/189',NULL,78,NULL,'',NULL,84,0),
      (190,'specs/attrs/54/78/189/190',3,189,0000000013,'',1,1,0),
      (191,'specs/attrs/54/78/189/191',3,189,0000000013,'',1,2,0),
    (192,'specs/attrs/54/78/192',NULL,78,NULL,'',NULL,85,0),
      (193,'specs/attrs/54/78/192/193',3,192,0000000013,'',1,1,0),
      (194,'specs/attrs/54/78/192/194',3,192,0000000013,'',1,2,0),
    (199,'specs/attrs/54/78/199',NULL,78,NULL,'',NULL,86,0),
      (200,'specs/attrs/54/78/199/200',3,199,0000000013,'',1,1,0),
      (201,'specs/attrs/54/78/199/201',3,199,0000000013,'',1,2,0),
      (202,'specs/attrs/54/78/199/202',3,199,0000000013,'specs/attrs/54/78/199/202/description',1,3,0),
  (205,'specs/attrs/54/205',3,54,0000000002,'',NULL,81,0),
  (138,'specs/attrs/54/138',5,54,NULL,'',NULL,79,0),
  (158,'specs/attrs/54/158',3,54,0000000002,'',NULL,80,0),
  (195,'specs/attrs/54/195',NULL,54,NULL,'',NULL,83,0),
    (196,'specs/attrs/54/195/196',3,195,0000000003,'specs/attrs/54/195/196/description',1,12,0),
    (197,'specs/attrs/54/195/197',3,195,0000000003,'specs/attrs/54/195/197/description',1,13,0),
    (11,'specs/attrs/54/195/11',3,195,0000000003,'specs/attrs/54/195/11/description',1,11,0),
  (198,'specs/attrs/54/198',3,54,NULL,'',1,84,0),
  (226,'specs/attrs/54/226',3,54,0000000020,'',NULL,82,0),
(70,'specs/attrs/70',NULL,NULL,NULL,NULL,NULL,22,0),
  (71,'specs/attrs/70/71',2,70,0000000002,'',NULL,71,0),
  (72,'specs/attrs/70/72',2,70,0000000002,'',NULL,72,0),
  (73,'specs/attrs/70/73',2,70,0000000002,'',NULL,73,0),
  (74,'specs/attrs/74',NULL,NULL,NULL,NULL,NULL,54,0),
    (77,'specs/attrs/74/77',5,74,NULL,'',NULL,77,0),
    (142,'specs/attrs/74/142',NULL,74,NULL,'',NULL,78,0),
      (144,'specs/attrs/74/142/144',6,142,NULL,'',NULL,76,0),
      (146,'specs/attrs/74/142/146',3,142,0000000001,'',NULL,77,0),
      (148,'specs/attrs/74/142/148',3,142,0000000001,'',NULL,78,0),
      (150,'specs/attrs/74/142/150',6,142,NULL,'',NULL,79,0),
      (152,'specs/attrs/74/142/152',5,142,NULL,'',NULL,80,0),
      (153,'specs/attrs/74/142/153',5,142,NULL,'',NULL,81,0),
      (75,'specs/attrs/74/142/75',1,142,NULL,'',NULL,75,0),
    (143,'specs/attrs/74/143',NULL,74,NULL,'',NULL,79,0),
      (145,'specs/attrs/74/143/145',6,143,NULL,'',NULL,77,0),
      (147,'specs/attrs/74/143/147',3,143,0000000001,'',NULL,78,0),
      (149,'specs/attrs/74/143/149',3,143,0000000001,'',NULL,79,0),
      (151,'specs/attrs/74/143/151',6,143,NULL,'',NULL,80,0),
      (154,'specs/attrs/74/143/154',5,143,NULL,'',NULL,81,0),
      (155,'specs/attrs/74/143/155',5,143,NULL,'',NULL,82,0),
      (76,'specs/attrs/74/143/76',1,143,NULL,'',NULL,76,0),
(82,'specs/attrs/82',2,NULL,0000000014,'',NULL,95,0),
(84,'specs/attrs/84',NULL,NULL,NULL,NULL,NULL,84,0),
  (85,'specs/attrs/84/85',NULL,84,NULL,'',NULL,85,0),
    (87,'specs/attrs/84/85/87',2,85,0000000001,'',NULL,87,0),
    (88,'specs/attrs/84/85/88',3,85,0000000015,'',NULL,89,0),
    (89,'specs/attrs/84/85/89',3,85,0000000015,'',1,90,0),
    (90,'specs/attrs/84/85/90',2,85,0000000010,'',NULL,88,0),
    (162,'specs/attrs/84/85/162',3,85,0000000001,'',NULL,91,0),
  (86,'specs/attrs/84/86',NULL,84,NULL,'',NULL,86,0),
    (91,'specs/attrs/84/86/91',2,86,0000000001,'',NULL,91,0),
    (92,'specs/attrs/84/86/92',3,86,0000000015,'',NULL,93,0),
    (93,'specs/attrs/84/86/93',3,86,0000000015,'',1,94,0),
    (94,'specs/attrs/84/86/94',2,86,0000000010,'',NULL,92,0),
    (163,'specs/attrs/84/86/163',3,86,0000000001,'',NULL,95,0),
  (164,'specs/attrs/84/164',1,84,NULL,'',NULL,87,0),
  (165,'specs/attrs/84/165',6,84,NULL,'',NULL,88,0),
  (229,'specs/attrs/wheels/auto-pumping-tires',5,84,NULL,'',NULL,89,0),
(95,'specs/attrs/95',NULL,NULL,NULL,NULL,NULL,14,0),
  (96,'specs/attrs/95/96',2,95,0000000016,'',NULL,96,0),
  (97,'specs/attrs/95/97',2,95,0000000016,'',NULL,97,0),
  (104,'specs/attrs/95/104',NULL,95,NULL,'',NULL,99,0),
    (113,'specs/attrs/95/104/113',2,104,0000000016,'',NULL,1,0),
    (114,'specs/attrs/95/104/114',2,104,0000000016,'',NULL,2,0),
  (106,'specs/attrs/95/106',NULL,95,NULL,'',NULL,98,0),
    (109,'specs/attrs/95/106/109',NULL,106,NULL,'',NULL,1,0),
      (129,'specs/attrs/95/106/109/129',2,109,0000000016,'',NULL,1,0),
      (130,'specs/attrs/95/106/109/130',2,109,NULL,'',NULL,2,0),
      (131,'specs/attrs/95/106/109/131',2,109,NULL,'',NULL,3,0),
    (111,'specs/attrs/95/106/111',2,106,0000000016,'',NULL,3,0),
      (132,'specs/attrs/95/106/111/132',2,111,0000000016,'',NULL,1,0),
      (133,'specs/attrs/95/106/111/133',2,111,NULL,'',NULL,2,0),
      (134,'specs/attrs/95/106/111/134',2,111,NULL,'',NULL,3,0),
  (107,'specs/attrs/95/107',NULL,95,NULL,'',NULL,100,0),
    (118,'specs/attrs/95/107/118',2,107,0000000016,'',NULL,1,0),
    (119,'specs/attrs/95/107/119',2,107,NULL,'',NULL,2,0),
    (120,'specs/attrs/95/107/120',2,107,NULL,'',NULL,3,0),
  (108,'specs/attrs/95/108',NULL,95,NULL,'',NULL,101,0),
    (121,'specs/attrs/95/108/121',NULL,108,NULL,'',NULL,1,0),
      (123,'specs/attrs/95/108/121/123',2,121,0000000016,'',NULL,1,0),
      (124,'specs/attrs/95/108/121/124',2,121,NULL,'',NULL,2,0),
      (125,'specs/attrs/95/108/121/125',2,121,NULL,'',NULL,3,0),
    (122,'specs/attrs/95/108/122',NULL,108,NULL,'',NULL,2,0),
      (126,'specs/attrs/95/108/122/126',2,122,0000000016,'',NULL,1,0),
      (127,'specs/attrs/95/108/122/127',2,122,NULL,'',NULL,2,0),
      (128,'specs/attrs/95/108/122/128',2,122,NULL,'',NULL,3,0),
  (135,'specs/attrs/95/135',NULL,95,NULL,'',NULL,102,0),
    (136,'specs/attrs/95/135/136',2,135,0000000016,'',NULL,1,0),
    (137,'specs/attrs/95/135/137',2,135,0000000016,'',NULL,2,0),
(157,'specs/attrs/157',6,NULL,NULL,NULL,NULL,103,0),
(170,'specs/attrs/170',1,NULL,NULL,'',NULL,104,0),
(181,'specs/attrs/181',NULL,NULL,NULL,'',NULL,70,0),
  (182,'specs/attrs/181/182',3,181,0000000019,'',NULL,1,0);

CREATE TABLE `attrs_list_options` (
  `id` int(10) unsigned NOT NULL AUTO_INCREMENT,
  `attribute_id` int(10) unsigned NOT NULL,
  `name` varchar(130) NOT NULL,
  `position` int(10) unsigned NOT NULL,
  `parent_id` int(10) unsigned DEFAULT NULL,
  PRIMARY KEY (`id`),
  UNIQUE KEY `position` (`position`,`attribute_id`,`parent_id`),
  KEY `attribute_id` (`attribute_id`),
  KEY `parent_id` (`parent_id`),
  CONSTRAINT `attrs_list_options_fk` FOREIGN KEY (`attribute_id`) REFERENCES `attrs_attributes` (`id`),
  CONSTRAINT `attrs_list_options_fk1` FOREIGN KEY (`parent_id`) REFERENCES `attrs_list_options` (`id`)
) ENGINE=InnoDB DEFAULT CHARSET=utf8;

INSERT INTO `attrs_list_options` VALUES 
(1,20,'specs/attrs/22/19/20/options/1',1,NULL),
(2,20,'specs/attrs/22/19/20/options/2',2,NULL),
(3,20,'specs/attrs/22/19/20/options/3',3,NULL),
(4,21,'specs/attrs/22/19/21/options/4',1,NULL),
(5,21,'specs/attrs/22/19/21/options/5',2,NULL),
(6,23,'specs/attrs/22/23/options/6',1,NULL),
(7,26,'specs/attrs/22/24/26/options/7',1,NULL),
(8,26,'specs/attrs/22/24/26/options/8',2,NULL),
(9,26,'specs/attrs/22/24/26/options/9',3,NULL),
(10,26,'specs/attrs/22/24/26/options/10',4,NULL),
(11,66,'specs/attrs/16/66/options/11',1,NULL),
(12,66,'specs/attrs/16/66/options/12',2,NULL),
(13,66,'specs/attrs/16/66/options/13',3,NULL),
(14,41,'specs/attrs/40/41/options/14',1,NULL),
(15,41,'specs/attrs/40/41/options/15',2,NULL),
(16,41,'specs/attrs/40/41/options/16',3,NULL),
  (17,41,'specs/attrs/40/41/options/17',4,16),
  (18,41,'specs/attrs/40/41/options/18',5,16),
  (19,41,'specs/attrs/40/41/options/19',6,16),
(20,43,'specs/attrs/40/42/43/options/20',1,NULL),
(21,43,'specs/attrs/40/42/43/options/21',2,NULL),
(22,43,'specs/attrs/40/42/43/options/22',3,NULL),
(23,43,'specs/attrs/40/42/43/options/23',4,NULL),
(24,23,'specs/attrs/22/23/options/24',2,NULL),
  (25,23,'specs/attrs/22/23/options/25',1,24),
  (26,23,'specs/attrs/22/23/options/26',4,24),
  (27,23,'specs/attrs/22/23/options/27',5,24),
  (55,23,'specs/attrs/22/23/options/55',3,24),
(28,98,'specs/attrs/22/98/options/28',1,NULL),
  (36,98,'specs/attrs/22/98/options/36',1,28),
  (37,98,'specs/attrs/22/98/options/37',2,28),
  (38,98,'specs/attrs/22/98/options/38',3,28),
  (39,98,'specs/attrs/22/98/options/39',4,28),
  (40,98,'specs/attrs/22/98/options/40',5,28),
  (41,98,'specs/attrs/22/98/options/41',6,28),
  (42,98,'specs/attrs/22/98/options/42',7,28),
  (43,98,'specs/attrs/22/98/options/43',8,28),
  (44,98,'specs/attrs/22/98/options/44',9,28),
  (45,98,'specs/attrs/22/98/options/45',10,28),
(29,98,'specs/attrs/22/98/options/29',2,NULL),
(30,98,'specs/attrs/22/98/options/30',3,NULL),
(31,98,'specs/attrs/22/98/options/31',4,NULL),
(32,98,'specs/attrs/22/98/options/32',5,NULL),
  (34,98,'specs/attrs/22/98/options/34',1,32),
  (35,98,'specs/attrs/22/98/options/35',2,32),
(33,98,'specs/attrs/22/98/options/33',6,NULL),
(46,99,'specs/attrs/22/99/options/46',1,NULL),
(47,99,'specs/attrs/22/99/options/47',2,NULL),
  (48,99,'specs/attrs/22/99/options/48',1,47),
  (49,99,'specs/attrs/22/99/options/49',3,47),
  (54,99,'specs/attrs/22/99/options/54',2,47),
  (215,99,'specs/attrs/engine/turbo/options/x6',4,47),
(50,43,'specs/attrs/40/42/43/options/50',5,NULL),
  (51,43,'specs/attrs/40/42/43/options/51',1,50),
  (52,43,'specs/attrs/40/42/43/options/52',2,50),
(56,41,'specs/attrs/40/41/options/56',7,NULL),
(57,41,'specs/attrs/40/41/options/57',8,NULL),
(58,144,'specs/attrs/74/142/144/options/58',1,NULL),
(59,144,'specs/attrs/74/142/144/options/59',2,NULL),
(60,145,'specs/attrs/74/143/145/options/60',1,NULL),
(61,145,'specs/attrs/74/143/145/options/61',2,NULL),
(62,150,'specs/attrs/74/142/150/options/62',1,NULL),
(63,150,'specs/attrs/74/142/150/options/63',2,NULL),
(64,150,'specs/attrs/74/142/150/options/64',3,NULL),
(65,151,'specs/attrs/74/143/151/options/65',1,NULL),
(66,151,'specs/attrs/74/143/151/options/66',2,NULL),
(67,151,'specs/attrs/74/143/151/options/67',3,NULL),
(68,156,'specs/attrs/22/156/options/68',1,NULL),
(69,156,'specs/attrs/22/156/options/69',2,NULL),
(70,156,'specs/attrs/22/156/options/70',3,NULL),
(71,157,'specs/attrs/157/options/71',1,NULL),
(72,157,'specs/attrs/157/options/72',2,NULL),
(73,157,'specs/attrs/157/options/73',3,NULL),
(74,157,'specs/attrs/157/options/74',4,NULL),
(75,157,'specs/attrs/157/options/75',5,NULL),
(76,157,'specs/attrs/157/options/76',6,NULL),
(77,157,'specs/attrs/157/options/77',7,NULL),
(78,165,'specs/attrs/84/165/options/78',1,NULL),
(79,165,'specs/attrs/84/165/options/79',2,NULL),
(80,165,'specs/attrs/84/165/options/80',3,NULL),
(81,179,'specs/attrs/22/179/options/81',1,NULL),
(82,179,'specs/attrs/22/179/options/82',2,NULL),
(83,156,'specs/attrs/22/156/options/83',4,NULL),
(84,98,'specs/attrs/22/98/options/84',11,NULL),
(85,204,'specs/attrs/16/204/options/85',1,NULL),
(86,204,'specs/attrs/16/204/options/86',2,NULL),
(87,43,'specs/attrs/40/42/43/options/87',6,NULL),
(88,206,'specs/attrs/22/206/options/88',1,NULL),
  (93,206,'specs/attrs/22/206/options/93',6,88),
  (94,206,'specs/attrs/22/206/options/94',7,88),
  (95,206,'specs/attrs/22/206/options/95',8,88),
  (100,206,'specs/attrs/22/206/options/100',13,88),
(89,206,'specs/attrs/22/206/options/89',2,NULL),
  (96,206,'specs/attrs/22/206/options/96',9,89),
  (97,206,'specs/attrs/22/206/options/97',10,89),
  (98,206,'specs/attrs/22/206/options/98',11,89),
  (99,206,'specs/attrs/22/206/options/99',12,89),
(90,206,'specs/attrs/22/206/options/90',3,NULL),
(91,206,'specs/attrs/22/206/options/91',4,NULL),
(92,206,'specs/attrs/22/206/options/92',5,NULL),
(101,26,'specs/attrs/22/24/26/options/101',5,NULL),
(102,207,'specs/attrs/22/207/options/102',1,NULL),
(103,207,'specs/attrs/22/207/options/103',2,NULL),
  (105,207,'specs/attrs/22/207/options/105',4,103),
  (106,207,'specs/attrs/22/207/options/106',5,103),
  (107,207,'specs/attrs/22/207/options/107',6,103),
(104,207,'specs/attrs/22/207/options/104',3,NULL),
(108,209,'specs/attrs/15/208/209/options/108',1,NULL),
  (114,209,'specs/attrs/15/208/209/options/114',7,108),
  (115,209,'specs/attrs/15/208/209/options/115',8,108),
(109,209,'specs/attrs/15/208/209/options/109',2,NULL),
  (116,209,'specs/attrs/15/208/209/options/116',9,109),
  (117,209,'specs/attrs/15/208/209/options/117',10,109),
    (118,209,'specs/attrs/15/208/209/options/118',11,117),
    (119,209,'specs/attrs/15/208/209/options/119',12,117),
    (120,209,'specs/attrs/15/208/209/options/120',13,117),
    (121,209,'specs/attrs/15/208/209/options/121',14,117),
    (122,209,'specs/attrs/15/208/209/options/122',15,117),
    (123,209,'specs/attrs/15/208/209/options/123',16,117),
(110,209,'specs/attrs/15/208/209/options/110',3,NULL),
(111,209,'specs/attrs/15/208/209/options/111',4,NULL),
(112,209,'specs/attrs/15/208/209/options/112',5,NULL),
  (124,209,'specs/attrs/15/208/209/options/124',17,112),
  (125,209,'specs/attrs/15/208/209/options/125',18,112),
(113,209,'specs/attrs/15/208/209/options/113',6,NULL),
(126,210,'specs/attrs/15/208/210/options/126',1,NULL),
  (129,210,'specs/attrs/15/208/210/options/129',4,126),
  (130,210,'specs/attrs/15/208/210/options/130',5,126),
    (141,210,'specs/attrs/15/208/210/options/141',16,130),
    (142,210,'specs/attrs/15/208/210/options/142',17,130),
    (143,210,'specs/attrs/15/208/210/options/143',18,130),
  (131,210,'specs/attrs/15/208/210/options/131',6,126),
    (144,210,'specs/attrs/15/208/210/options/144',19,131),
    (145,210,'specs/attrs/15/208/210/options/145',20,131),
    (146,210,'specs/attrs/15/208/210/options/146',21,131),
(127,210,'specs/attrs/15/208/210/options/127',2,NULL),
  (132,210,'specs/attrs/15/208/210/options/132',7,127),
  (133,210,'specs/attrs/15/208/210/options/133',8,127),
  (134,210,'specs/attrs/15/208/210/options/134',9,127),
  (135,210,'specs/attrs/15/208/210/options/135',10,127),
  (136,210,'specs/attrs/15/208/210/options/136',11,127),
  (137,210,'specs/attrs/15/208/210/options/137',12,127),
  (138,210,'specs/attrs/15/208/210/options/138',13,127),
    (147,210,'specs/attrs/15/208/210/options/147',22,138),
      (148,210,'specs/attrs/15/208/210/options/148',23,147),
(128,210,'specs/attrs/15/208/210/options/128',3,NULL),
  (139,210,'specs/attrs/15/208/210/options/139',14,128),
  (140,210,'specs/attrs/15/208/210/options/140',15,128),
    (149,210,'specs/attrs/15/208/210/options/149',24,140),
    (150,210,'specs/attrs/15/208/210/options/150',25,140),
    (151,210,'specs/attrs/15/208/210/options/151',26,140),
(152,214,'specs/attrs/15/208/211/214/options/152',1,NULL),
(153,214,'specs/attrs/15/208/211/214/options/153',2,NULL),
(154,215,'specs/attrs/15/208/211/215/options/154',1,NULL),
(155,215,'specs/attrs/15/208/211/215/options/155',2,NULL),
  (156,215,'specs/attrs/15/208/211/215/options/156',3,155),
  (157,215,'specs/attrs/15/208/211/215/options/157',4,155),
  (158,215,'specs/attrs/15/208/211/215/options/158',5,155),
(159,215,'specs/attrs/15/208/211/215/options/159',6,NULL),
(160,218,'specs/attrs/15/217/218/options/160',1,NULL),
  (161,218,'specs/attrs/15/217/218/options/161',2,160),
  (162,218,'specs/attrs/15/217/218/options/162',3,160),
(163,218,'specs/attrs/15/217/218/options/163',4,NULL),
  (164,218,'specs/attrs/15/217/218/options/164',5,163),
  (165,218,'specs/attrs/15/217/218/options/165',6,163),
    (166,218,'specs/attrs/15/217/218/options/166',7,165),
    (167,218,'specs/attrs/15/217/218/options/167',8,165),
    (168,218,'specs/attrs/15/217/218/options/168',9,165),
    (169,218,'specs/attrs/15/217/218/options/169',10,165),
    (170,218,'specs/attrs/15/217/218/options/170',11,165),
    (171,218,'specs/attrs/15/217/218/options/171',12,165),
(172,218,'specs/attrs/15/217/218/options/172',13,NULL),
(173,218,'specs/attrs/15/217/218/options/173',14,NULL),
(174,218,'specs/attrs/15/217/218/options/174',15,NULL),
  (175,218,'specs/attrs/15/217/218/options/175',16,174),
  (176,218,'specs/attrs/15/217/218/options/176',17,174),
(177,218,'specs/attrs/15/217/218/options/177',18,NULL),
(178,209,'specs/attrs/15/208/209/options/178',19,NULL),
(179,218,'specs/attrs/15/217/218/options/179',19,NULL),
(180,219,'specs/attrs/15/217/219/options/180',1,NULL),
  (181,219,'specs/attrs/15/217/219/options/181',2,180),
  (182,219,'specs/attrs/15/217/219/options/182',3,180),
    (183,219,'specs/attrs/15/217/219/options/183',4,182),
    (184,219,'specs/attrs/15/217/219/options/184',5,182),
    (185,219,'specs/attrs/15/217/219/options/185',6,182),
  (186,219,'specs/attrs/15/217/219/options/186',7,180),
    (187,219,'specs/attrs/15/217/219/options/187',8,186),
    (188,219,'specs/attrs/15/217/219/options/188',9,186),
    (189,219,'specs/attrs/15/217/219/options/189',10,186),
(190,219,'specs/attrs/15/217/219/options/190',11,NULL),
  (191,219,'specs/attrs/15/217/219/options/191',12,190),
  (192,219,'specs/attrs/15/217/219/options/192',13,190),
  (193,219,'specs/attrs/15/217/219/options/193',14,190),
  (194,219,'specs/attrs/15/217/219/options/194',15,190),
  (195,219,'specs/attrs/15/217/219/options/195',16,190),
  (196,219,'specs/attrs/15/217/219/options/196',17,190),
  (197,219,'specs/attrs/15/217/219/options/197',18,190),
    (198,219,'specs/attrs/15/217/219/options/198',19,197),
      (199,219,'specs/attrs/15/217/219/options/199',20,198),
(200,219,'specs/attrs/15/217/219/options/200',21,NULL),
  (201,219,'specs/attrs/15/217/219/options/201',22,200),
  (202,219,'specs/attrs/15/217/219/options/202',23,200),
    (203,219,'specs/attrs/15/217/219/options/203',24,202),
    (204,219,'specs/attrs/15/217/219/options/204',25,202),
    (205,219,'specs/attrs/15/217/219/options/205',26,202),
(206,223,'specs/attrs/15/217/220/223/options/206',1,NULL),
(207,223,'specs/attrs/15/217/220/223/options/207',2,NULL),
(208,224,'specs/attrs/15/217/220/224/options/208',1,NULL),
(209,224,'specs/attrs/15/217/220/224/options/209',2,NULL),
  (210,224,'specs/attrs/15/217/220/224/options/210',3,209),
  (211,224,'specs/attrs/15/217/220/224/options/211',4,209),
  (212,224,'specs/attrs/15/217/220/224/options/212',5,209),
(213,224,'specs/attrs/15/217/220/224/options/213',6,NULL),
(214,179,'specs/attrs/22/179/options/liquid-air',3,NULL),
(216,23,'specs/attrs/22/23/options/common-rail',6,NULL),
  (217,23,'specs/attrs/22/23/options/common-rail/mechanical',7,216),
  (218,23,'specs/attrs/22/23/options/common-rail/electronic',8,216),
(219,157,'specs/attrs/157/options/euro-6d',8,NULL),
(220,157,'specs/attrs/157/options/euro-5a',9,NULL),
(221,157,'specs/attrs/157/options/euro-5b',10,NULL);

CREATE TABLE `attrs_user_values` (
  `attribute_id` int(10) unsigned NOT NULL,
  `item_id` int(10) unsigned NOT NULL,
  `user_id` int(10) unsigned NOT NULL,
  `add_date` timestamp NOT NULL,
  `update_date` timestamp NOT NULL DEFAULT CURRENT_TIMESTAMP,
  `conflict` tinyint(4) NOT NULL DEFAULT '0',
  `weight` double DEFAULT '0',
  PRIMARY KEY (`attribute_id`,`item_id`,`user_id`),
  KEY `attribute_id` (`attribute_id`),
  KEY `user_id` (`user_id`),
  KEY `update_date` (`update_date`),
  KEY `item_id` (`item_id`),
  CONSTRAINT `attrs_user_values_fk` FOREIGN KEY (`attribute_id`) REFERENCES `attrs_attributes` (`id`),
  CONSTRAINT `attrs_user_values_fk2` FOREIGN KEY (`user_id`) REFERENCES `users` (`id`),
  CONSTRAINT `attrs_user_values_ibfk_1` FOREIGN KEY (`item_id`) REFERENCES `item` (`id`)
) ENGINE=InnoDB DEFAULT CHARSET=utf8;

CREATE TABLE `attrs_user_values_float` (
  `attribute_id` int(10) unsigned NOT NULL,
  `item_id` int(10) unsigned NOT NULL,
  `value` double DEFAULT NULL,
  `user_id` int(10) unsigned NOT NULL,
  PRIMARY KEY (`attribute_id`,`item_id`,`user_id`),
  KEY `attribute_id` (`attribute_id`),
  KEY `user_id` (`user_id`),
  CONSTRAINT `attrs_user_values_float_fk` FOREIGN KEY (`attribute_id`) REFERENCES `attrs_attributes` (`id`),
  CONSTRAINT `attrs_user_values_float_fk2` FOREIGN KEY (`user_id`) REFERENCES `users` (`id`),
  CONSTRAINT `attrs_user_values_float_ibfk_1` FOREIGN KEY (`user_id`) REFERENCES `item` (`id`)
) ENGINE=InnoDB DEFAULT CHARSET=utf8;

CREATE TABLE `attrs_user_values_int` (
  `attribute_id` int(10) unsigned NOT NULL,
  `item_id` int(10) unsigned NOT NULL,
  `value` int(11) DEFAULT NULL,
  `user_id` int(10) unsigned NOT NULL,
  PRIMARY KEY (`attribute_id`,`item_id`,`user_id`),
  KEY `user_id` (`user_id`),
  KEY `item_id` (`item_id`),
  CONSTRAINT `attrs_user_values_int_fk` FOREIGN KEY (`attribute_id`) REFERENCES `attrs_attributes` (`id`),
  CONSTRAINT `attrs_user_values_int_fk2` FOREIGN KEY (`user_id`) REFERENCES `users` (`id`),
  CONSTRAINT `attrs_user_values_int_ibfk_1` FOREIGN KEY (`item_id`) REFERENCES `item` (`id`)
) ENGINE=InnoDB DEFAULT CHARSET=utf8;

CREATE TABLE `attrs_user_values_list` (
  `attribute_id` int(10) unsigned NOT NULL,
  `item_id` int(10) unsigned NOT NULL,
  `user_id` int(10) unsigned NOT NULL,
  `value` int(11) unsigned DEFAULT NULL,
  `ordering` int(11) unsigned NOT NULL DEFAULT '0',
  PRIMARY KEY (`attribute_id`,`item_id`,`user_id`,`ordering`),
  KEY `FK_attrs_user_values_list_users_id` (`user_id`),
  KEY `FK_attrs_user_values_list_attrs_list_options_id` (`value`),
  KEY `item_id` (`item_id`),
  CONSTRAINT `FK_attrs_user_values_list_attrs_attributes_id` FOREIGN KEY (`attribute_id`) REFERENCES `attrs_attributes` (`id`),
  CONSTRAINT `FK_attrs_user_values_list_attrs_list_options_id` FOREIGN KEY (`value`) REFERENCES `attrs_list_options` (`id`),
  CONSTRAINT `FK_attrs_user_values_list_users_id` FOREIGN KEY (`user_id`) REFERENCES `users` (`id`),
  CONSTRAINT `attrs_user_values_list_ibfk_1` FOREIGN KEY (`item_id`) REFERENCES `item` (`id`)
) ENGINE=InnoDB DEFAULT CHARSET=utf8;

CREATE TABLE `attrs_user_values_string` (
  `attribute_id` int(10) unsigned NOT NULL,
  `item_id` int(10) unsigned NOT NULL,
  `value` varchar(255) DEFAULT NULL,
  `user_id` int(10) unsigned NOT NULL,
  PRIMARY KEY (`attribute_id`,`item_id`,`user_id`),
  KEY `attribute_id` (`attribute_id`),
  KEY `user_id` (`user_id`),
  KEY `item_id` (`item_id`),
  CONSTRAINT `attrs_user_values_string_fk` FOREIGN KEY (`attribute_id`) REFERENCES `attrs_attributes` (`id`),
  CONSTRAINT `attrs_user_values_string_fk2` FOREIGN KEY (`user_id`) REFERENCES `users` (`id`),
  CONSTRAINT `attrs_user_values_string_ibfk_1` FOREIGN KEY (`item_id`) REFERENCES `item` (`id`)
) ENGINE=InnoDB DEFAULT CHARSET=utf8;

CREATE TABLE `attrs_values` (
  `attribute_id` int(10) unsigned NOT NULL,
  `item_id` int(10) unsigned NOT NULL,
  `conflict` tinyint(4) NOT NULL DEFAULT '0',
  `update_date` timestamp NOT NULL DEFAULT CURRENT_TIMESTAMP,
  PRIMARY KEY (`attribute_id`,`item_id`),
  KEY `attribute_id` (`attribute_id`),
  KEY `item_type_id` (`item_id`) USING BTREE,
  CONSTRAINT `attrs_values_fk` FOREIGN KEY (`attribute_id`) REFERENCES `attrs_attributes` (`id`),
  CONSTRAINT `attrs_values_ibfk_1` FOREIGN KEY (`item_id`) REFERENCES `item` (`id`)
) ENGINE=InnoDB DEFAULT CHARSET=utf8;

CREATE TABLE `attrs_values_float` (
  `attribute_id` int(10) unsigned NOT NULL,
  `item_id` int(10) unsigned NOT NULL,
  `value` double DEFAULT NULL,
  PRIMARY KEY (`attribute_id`,`item_id`),
  KEY `attribute_id` (`attribute_id`),
  KEY `IX_attrs_values_float_value` (`attribute_id`,`value`,`item_id`),
  KEY `item_id` (`item_id`),
  CONSTRAINT `attrs_values_float_fk` FOREIGN KEY (`attribute_id`) REFERENCES `attrs_attributes` (`id`),
  CONSTRAINT `attrs_values_float_ibfk_1` FOREIGN KEY (`item_id`) REFERENCES `item` (`id`)
) ENGINE=InnoDB DEFAULT CHARSET=utf8;

CREATE TABLE `attrs_values_int` (
  `attribute_id` int(10) unsigned NOT NULL,
  `item_id` int(10) unsigned NOT NULL,
  `value` int(11) DEFAULT NULL,
  PRIMARY KEY (`attribute_id`,`item_id`),
  KEY `attribute_id` (`attribute_id`),
  KEY `item_id` (`item_id`),
  CONSTRAINT `attrs_values_int_fk` FOREIGN KEY (`attribute_id`) REFERENCES `attrs_attributes` (`id`),
  CONSTRAINT `attrs_values_int_ibfk_1` FOREIGN KEY (`item_id`) REFERENCES `item` (`id`)
) ENGINE=InnoDB DEFAULT CHARSET=utf8;

CREATE TABLE `attrs_values_list` (
  `attribute_id` int(10) unsigned NOT NULL,
  `item_id` int(10) unsigned NOT NULL,
  `value` int(11) unsigned DEFAULT NULL,
  `ordering` int(11) unsigned NOT NULL DEFAULT '0',
  PRIMARY KEY (`attribute_id`,`item_id`,`ordering`),
  KEY `FK_attrs_values_list_attrs_list_options_id` (`value`),
  KEY `item_id` (`item_id`),
  CONSTRAINT `FK_attrs_values_list_attrs_attributes_id` FOREIGN KEY (`attribute_id`) REFERENCES `attrs_attributes` (`id`),
  CONSTRAINT `FK_attrs_values_list_attrs_list_options_id` FOREIGN KEY (`value`) REFERENCES `attrs_list_options` (`id`),
  CONSTRAINT `attrs_values_list_ibfk_1` FOREIGN KEY (`item_id`) REFERENCES `item` (`id`)
) ENGINE=InnoDB DEFAULT CHARSET=utf8;

CREATE TABLE `attrs_values_string` (
  `attribute_id` int(10) unsigned NOT NULL,
  `item_id` int(10) unsigned NOT NULL,
  `value` varchar(255) DEFAULT NULL,
  PRIMARY KEY (`attribute_id`,`item_id`),
  KEY `attribute_id` (`attribute_id`),
  KEY `item_id` (`item_id`),
  CONSTRAINT `attrs_values_string_fk` FOREIGN KEY (`attribute_id`) REFERENCES `attrs_attributes` (`id`),
  CONSTRAINT `attrs_values_string_ibfk_1` FOREIGN KEY (`item_id`) REFERENCES `item` (`id`)
) ENGINE=InnoDB DEFAULT CHARSET=utf8;

CREATE TABLE `attrs_zones` (
  `id` int(10) unsigned NOT NULL AUTO_INCREMENT,
  `name` varchar(50) NOT NULL,
  `item_type_id` tinyint(3) unsigned NOT NULL,
  PRIMARY KEY (`id`),
  UNIQUE KEY `name` (`name`,`item_type_id`),
  KEY `item_type_id` (`item_type_id`),
  CONSTRAINT `attrs_zones_fk` FOREIGN KEY (`item_type_id`) REFERENCES `attrs_item_types` (`id`)
) ENGINE=InnoDB DEFAULT CHARSET=utf8;

INSERT INTO `attrs_zones` VALUES 
(1,'Легковые автомобили',1),
(2,'Грузовые автомобили',1),
(3,'Автобусы',1),
(4,'Модификации',2),
(5,'Двигатели',1);

CREATE TABLE `attrs_zone_attributes` (
  `zone_id` int(10) unsigned NOT NULL,
  `attribute_id` int(10) unsigned NOT NULL,
  `position` int(10) unsigned NOT NULL,
  PRIMARY KEY (`attribute_id`,`zone_id`),
  UNIQUE KEY `zone_id` (`zone_id`,`position`),
  CONSTRAINT `attrs_zone_attributes_fk` FOREIGN KEY (`zone_id`) REFERENCES `attrs_zones` (`id`),
  CONSTRAINT `attrs_zone_attributes_fk1` FOREIGN KEY (`attribute_id`) REFERENCES `attrs_attributes` (`id`)
) ENGINE=InnoDB DEFAULT CHARSET=utf8;

INSERT INTO `attrs_zone_attributes` VALUES 
(1,1,1),(1,2,2),(1,140,3),(1,17,5),(1,4,6),(1,5,7),(1,6,8),(1,176,9),(1,16,16),(1,18,18),(1,11,19),(1,14,20),(1,55,21),(1,56,22),
(1,57,23),(1,58,24),(1,59,25),(1,60,26),(1,61,27),(1,62,28),(1,167,29),(1,64,30),(1,65,31),(1,208,32),(1,70,33),(1,217,34),
(1,10,35),(1,100,36),(1,20,37),(1,22,38),(1,21,39),(1,40,40),(1,66,41),(1,13,42),(1,12,43),(1,67,44),(1,68,45),(1,207,46),
(1,19,47),(1,25,48),(1,26,49),(1,27,50),(1,28,51),(1,29,52),(1,23,53),(1,156,54),(1,24,55),(1,33,56),(1,34,57),(1,35,58),
(1,31,59),(1,37,60),(1,38,61),(1,39,62),(1,15,63),(1,41,64),(1,42,65),(1,139,66),(1,43,67),(1,181,69),(1,47,70),(1,48,71),
(1,175,72),(1,49,73),(1,50,74),(1,51,75),(1,52,76),(1,46,77),(1,71,78),(1,72,79),(1,73,80),(1,54,81),(1,75,82),(1,76,83),
(1,77,84),(1,78,85),(1,79,86),(1,80,87),(1,81,88),(1,74,89),(1,83,90),(1,82,91),(1,164,92),(1,165,93),(1,87,94),(1,90,95),
(1,88,96),(1,89,97),(1,91,98),(1,94,99),(1,92,100),(1,93,101),(1,32,102),(1,36,103),(1,30,104),(1,138,105),(1,44,106),(1,3,107),
(1,141,108),(1,142,109),(1,143,110),(1,144,111),(1,145,112),(1,146,113),(1,147,114),(1,148,115),(1,149,116),(1,150,117),
(1,151,118),(1,152,119),(1,153,120),(1,154,121),(1,155,122),(1,98,123),(1,157,124),(1,158,125),(1,159,126),(1,53,127),
(1,160,128),(1,163,129),(1,85,130),(1,86,131),(1,162,132),(1,63,133),(1,7,134),(1,84,135),(1,161,136),(1,168,137),(1,171,138),
(1,172,139),(1,173,140),(1,174,141),(1,177,142),(1,178,143),(1,99,144),(1,170,145),(1,182,146),(1,183,147),(1,184,148),(1,185,149),
(1,186,150),(1,187,151),(1,188,152),(1,189,153),(1,190,154),(1,191,155),(1,192,156),(1,193,157),(1,194,158),(1,205,159),
(1,196,160),(1,197,161),(1,199,162),(1,200,163),(1,201,164),(1,202,165),(1,203,166),(1,204,167),(1,195,168),(1,179,169),(1,206,170),
(1,8,171),(1,209,172),(1,210,173),(1,211,174),(1,212,175),(1,213,176),(1,214,177),(1,215,178),(1,216,179),(1,9,180),(1,218,181),
(1,219,182),(1,220,183),(1,221,184),(1,222,185),(1,223,186),(1,224,187),(1,225,188),(1,198,189),(1,180,190),(1,227,191),(1,228,192),
(1,229,193),(2,1,1),(2,2,2),(2,140,3),(2,4,4),(2,5,5),(2,6,6),(2,176,7),(2,16,14),(2,17,17),(2,18,18),(2,11,19),(2,14,20),(2,55,21),
(2,56,22),(2,57,23),(2,58,24),(2,59,25),(2,60,26),(2,61,27),(2,62,28),(2,167,29),(2,64,30),(2,65,31),(2,208,32),(2,70,33),(2,217,34),
(2,10,35),(2,100,36),(2,20,37),(2,22,38),(2,21,39),(2,40,40),(2,66,41),(2,13,42),(2,12,43),(2,67,44),(2,207,45),(2,19,46),(2,25,47),
(2,26,48),(2,27,49),(2,28,50),(2,29,51),(2,23,52),(2,156,53),(2,24,54),(2,33,55),(2,34,56),(2,35,57),(2,31,58),(2,37,59),(2,38,60),
(2,39,61),(2,15,62),(2,41,63),(2,42,64),(2,139,65),(2,43,66),(2,181,68),(2,47,69),(2,180,70),(2,48,71),(2,175,72),(2,49,73),
(2,50,74),(2,51,75),(2,46,76),(2,71,77),(2,72,78),(2,73,79),(2,54,80),(2,75,81),(2,76,82),(2,77,83),(2,78,84),(2,79,85),(2,80,86),
(2,81,87),(2,74,88),(2,83,89),(2,82,90),(2,164,91),(2,165,92),(2,87,93),(2,90,94),(2,88,95),(2,89,96),(2,91,97),(2,94,98),(2,92,99),
(2,93,100),(2,32,101),(2,36,102),(2,30,103),(2,138,104),(2,44,105),(2,3,106),(2,142,107),(2,143,108),(2,144,109),(2,145,110),
(2,146,111),(2,147,112),(2,148,113),(2,149,114),(2,150,115),(2,151,116),(2,152,117),(2,153,118),(2,154,119),(2,155,120),(2,98,121),
(2,157,122),(2,158,123),(2,159,124),(2,52,125),(2,53,126),(2,162,127),(2,163,128),(2,85,129),(2,86,130),(2,63,131),(2,7,132),
(2,84,133),(2,160,134),(2,168,135),(2,171,136),(2,172,137),(2,173,138),(2,174,139),(2,177,140),(2,178,141),(2,99,142),(2,161,143),
(2,170,144),(2,182,145),(2,183,146),(2,184,147),(2,185,148),(2,186,149),(2,187,150),(2,188,151),(2,189,152),(2,190,153),
(2,191,154),(2,192,155),(2,193,156),(2,194,157),(2,205,158),(2,196,159),(2,197,160),(2,199,161),(2,200,162),(2,201,163),
(2,202,164),(2,204,165),(2,195,166),(2,179,167),(2,206,168),(2,8,169),(2,209,170),(2,210,171),(2,211,172),(2,212,173),(2,213,174),
(2,214,175),(2,215,176),(2,216,177),(2,198,178),(2,9,179),(2,218,180),(2,219,181),(2,220,182),(2,221,183),(2,222,184),(2,223,185),
(2,224,186),(2,225,187),(2,226,188),(2,227,189),(2,228,190),(2,229,191),(3,1,1),(3,2,2),(3,140,3),(3,4,4),(3,5,5),(3,6,6),
(3,176,7),(3,16,14),(3,17,17),(3,18,18),(3,11,19),(3,14,20),(3,55,21),(3,56,22),(3,57,23),(3,58,24),(3,59,25),(3,60,26),(3,61,27),
(3,62,28),(3,167,29),(3,64,30),(3,65,31),(3,208,32),(3,70,33),(3,217,34),(3,10,35),(3,100,36),(3,20,37),(3,22,38),(3,21,39),
(3,40,40),(3,66,41),(3,13,42),(3,12,43),(3,69,44),(3,67,45),(3,103,99),(3,207,100),(3,19,101),(3,25,102),(3,26,103),(3,27,104),
(3,28,105),(3,29,106),(3,23,107),(3,156,108),(3,24,109),(3,33,110),(3,34,111),(3,35,112),(3,30,113),(3,37,114),(3,38,115),
(3,39,116),(3,15,117),(3,41,118),(3,42,119),(3,139,120),(3,43,121),(3,181,123),(3,47,124),(3,180,125),(3,48,126),(3,175,127),
(3,49,128),(3,50,129),(3,51,130),(3,46,131),(3,71,132),(3,72,133),(3,73,134),(3,54,135),(3,75,136),(3,76,137),(3,77,138),(3,78,139),
(3,79,140),(3,80,141),(3,81,142),(3,74,143),(3,83,144),(3,82,145),(3,164,146),(3,165,147),(3,87,148),(3,90,149),(3,88,150),
(3,89,151),(3,91,152),(3,94,153),(3,92,154),(3,93,155),(3,31,156),(3,32,157),(3,36,158),(3,138,159),(3,44,160),(3,3,161),
(3,142,162),(3,143,163),(3,144,164),(3,145,165),(3,146,166),(3,147,167),(3,148,168),(3,149,169),(3,150,170),(3,151,171),
(3,152,172),(3,153,173),(3,154,174),(3,155,175),(3,98,176),(3,157,177),(3,158,178),(3,159,179),(3,52,180),(3,53,181),(3,162,182),
(3,163,183),(3,85,184),(3,86,185),(3,63,186),(3,7,187),(3,84,188),(3,160,189),(3,168,190),(3,171,191),(3,172,192),(3,173,193),
(3,174,194),(3,177,195),(3,178,196),(3,99,197),(3,161,198),(3,170,199),(3,182,200),(3,183,201),(3,184,202),(3,185,203),(3,186,204),
(3,187,205),(3,188,206),(3,189,207),(3,190,208),(3,191,209),(3,192,210),(3,193,211),(3,194,212),(3,205,213),(3,196,214),(3,197,215),
(3,199,216),(3,200,217),(3,201,218),(3,202,219),(3,204,220),(3,195,221),(3,179,222),(3,206,223),(3,8,224),(3,209,225),(3,210,226),
(3,211,227),(3,212,228),(3,213,229),(3,214,230),(3,215,231),(3,216,232),(3,9,233),(3,218,234),(3,219,235),(3,220,236),(3,221,237),
(3,222,238),(3,223,239),(3,224,240),(3,225,241),(3,198,242),(3,227,243),(3,228,244),(3,229,245),(4,100,0),(4,45,1),(4,207,2),
(4,23,3),(4,25,4),(4,26,5),(4,27,6),(4,28,7),(4,29,8),(4,24,9),(4,30,10),(4,31,11),(4,33,12),(4,34,13),(4,35,14),(4,32,15),
(4,37,16),(4,38,17),(4,39,18),(4,22,19),(4,46,20),(4,47,21),(4,48,22),(4,49,23),(4,50,24),(4,51,25),(4,52,26),(4,53,27),(4,70,28),
(4,72,29),(4,71,30),(4,73,31),(4,74,32),(4,77,33),(4,75,34),(4,76,35),(4,78,36),(4,79,37),(4,80,38),(4,81,39),(4,54,40),(4,82,41),
(4,40,42),(4,83,43),(4,41,44),(4,42,45),(4,43,46),(4,44,47),(4,84,48),(4,85,49),(4,87,50),(4,86,51),(4,91,52),(4,88,53),(4,92,54),
(4,90,55),(4,94,56),(4,89,57),(4,93,58),(4,95,59),(4,96,60),(4,97,61),(4,36,658),(4,99,999),(4,138,1000),(4,98,1001),(5,22,1),
(5,207,2),(5,25,3),(5,26,4),(5,27,5),(5,28,6),(5,29,7),(5,156,23),(5,24,30),(5,23,31),(5,30,32),(5,33,33),(5,34,34),(5,35,35),
(5,31,36),(5,37,37),(5,38,38),(5,39,39),(5,32,444),(5,36,999),(5,99,1000),(5,159,1001),(5,171,1002),(5,98,1003),(5,179,1004),(5,206,1005);